{"cameraMode":{"drawMode":0,"name":"Shaded","section":"Shading Mode"},"sceneLighting":true,"audioPlay":false,"sceneViewState":{"m_AlwaysRefresh":false,"showFog":true,"showSkybox":true,"showFlares":true,"showImageEffects":true,"showParticleSystems":true,"showVisualEffectGraphs":true,"m_FxEnabled":true},"in2DMode":false,"pivot":{"x":-0.4950922429561615,"y":0.6679809093475342,"z":-0.07576075196266175},"rotation":{"x":0.00942094624042511,"y":0.9586226344108582,"z":-0.031943194568157199,"w":0.2827286422252655},"size":0.4832938611507416,"orthographic":false}