{"cameraMode":{"drawMode":0,"name":"Shaded","section":"Shading Mode"},"sceneLighting":false,"audioPlay":false,"sceneViewState":{"showFog":true,"showMaterialUpdate":false,"showSkybox":false,"showFlares":true,"showImageEffects":true,"showParticleSystems":true},"in2DMode":false,"pivot":{"x":-0.39893829822540285,"y":4.1798553466796879,"z":-13.671491622924805},"rotation":{"x":0.015226219780743122,"y":-0.5332191586494446,"z":0.00959863793104887,"w":0.8457907438278198},"size":3.4855213165283205,"orthographic":true}