{"cameraMode":{"drawMode":0,"name":"Shaded","section":"Shading Mode"},"sceneLighting":false,"audioPlay":false,"sceneViewState":{"showFog":true,"showMaterialUpdate":false,"showSkybox":false,"showFlares":true,"showImageEffects":true,"showParticleSystems":true},"in2DMode":false,"pivot":{"x":1.5043625831604005,"y":0.5391882658004761,"z":0.163650244474411},"rotation":{"x":0.14100638031959535,"y":-0.35240137577056887,"z":0.05380222946405411,"w":0.923603892326355},"size":2.0445523262023927,"orthographic":false}