{"cameraMode":{"drawMode":0,"name":"Shaded","section":"Shading Mode"},"sceneLighting":true,"audioPlay":false,"sceneViewState":{"showFog":true,"showMaterialUpdate":false,"showSkybox":true,"showFlares":true,"showImageEffects":true,"showParticleSystems":true},"in2DMode":false,"pivot":{"x":10.440093994140625,"y":15.059590339660645,"z":30.620695114135743},"rotation":{"x":-0.04805004224181175,"y":0.4642822742462158,"z":-0.025235462933778764,"w":-0.8840256929397583},"size":6.046038627624512,"orthographic":false}